{"authorDailyContributionsMap":{"Jen999":[{"date":"2025-01-30","commitResults":[{"hash":"d6c8115b067800de16e984921c84742cc470e5df","isMergeCommit":false,"messageTitle":"Update ChatBot name from Duke to Dave","messageBody":"","fileTypesAndContributionMap":{"java":{"insertions":1,"deletions":1},"bat":{"insertions":2,"deletions":2},"sh":{"insertions":2,"deletions":2}}},{"hash":"5be0855368e980afed1328f40bce1d5af0152a14","isMergeCommit":false,"messageTitle":"Complete Level-0","messageBody":"","tags":["Level-0"],"fileTypesAndContributionMap":{"java":{"insertions":7,"deletions":6}}},{"hash":"4ce9b8a5da6819b07ba6555c5a41e6db9ea472cb","isMergeCommit":false,"messageTitle":"Complete Level-1","messageBody":"","tags":["Level-1"],"fileTypesAndContributionMap":{"java":{"insertions":44,"deletions":6}}},{"hash":"e2d4ecb11faed7817cd704b07ff9db7e4a60a71a","isMergeCommit":false,"messageTitle":"Complete Level-2","messageBody":"","tags":["Level-2"],"fileTypesAndContributionMap":{"java":{"insertions":28,"deletions":4}}},{"hash":"b7f908dfc851e14f48845c511a9f1cb3c24e003e","isMergeCommit":false,"messageTitle":"Complete Level-3","messageBody":"","tags":["Level-3"],"fileTypesAndContributionMap":{"java":{"insertions":66,"deletions":2}}},{"hash":"94c238a55d333cc0dae52f517b05eb066cb2774b","isMergeCommit":false,"messageTitle":"Implement Level-4 basic","messageBody":"","fileTypesAndContributionMap":{"java":{"insertions":113,"deletions":29}}},{"hash":"afa7553a19134bcc8b87b7e94b0f26cce4bb084f","isMergeCommit":false,"messageTitle":"Complete Level-4","messageBody":"","tags":["Level-4"],"fileTypesAndContributionMap":{"java":{"insertions":132,"deletions":147}}},{"hash":"ec4dfc2a90dea4b3c4755b0a27fc90b30d556a64","isMergeCommit":false,"messageTitle":"Complete A-TextUiTesting","messageBody":"","tags":["A-TextUiTesting"],"fileTypesAndContributionMap":{"txt":{"insertions":7,"deletions":0}}},{"hash":"d9c2d72465dcb19a0523e3ab5ebb1461b27ecca6","isMergeCommit":false,"messageTitle":"Complete Level-5 to handle errors for incorrect format of tasks and invalid commands","messageBody":"","tags":["Level-5"],"fileTypesAndContributionMap":{"java":{"insertions":8,"deletions":1}}},{"hash":"1e919d967cb95df1284d386490f79893d760d258","isMergeCommit":false,"messageTitle":"Complete Level-6 delete feature. Handle errors for empty task number for mark, unmark, and delete features","messageBody":"","tags":["Level-6"],"fileTypesAndContributionMap":{"java":{"insertions":34,"deletions":0}}}]},{"date":"2025-02-04","commitResults":[{"hash":"4bf23f211e45fd1beb6b1381d92d5755bdafa17a","isMergeCommit":false,"messageTitle":"Rename chatbot to DaveTheBrave","messageBody":"","fileTypesAndContributionMap":{"java":{"insertions":3,"deletions":3},"bat":{"insertions":2,"deletions":2},"sh":{"insertions":2,"deletions":2}}},{"hash":"26f001b50b79d6d16a39afd2315ef04dc991e501","isMergeCommit":false,"messageTitle":"Complete Level-7","messageBody":"","fileTypesAndContributionMap":{"java":{"insertions":92,"deletions":1}}},{"hash":"d764614339be4402ba827b4360aedf03dea17181","isMergeCommit":true,"messageTitle":"Merge branch \u0027branch-Level-7\u0027","messageBody":"","tags":["Level-7"],"fileTypesAndContributionMap":{}},{"hash":"96a186da0a61eaf99b81e903df35913b029e8906","isMergeCommit":false,"messageTitle":"Complete Level-8","messageBody":"","fileTypesAndContributionMap":{"java":{"insertions":36,"deletions":5}}},{"hash":"17527268723d2c61e55e0342d791bb15ce4c3d38","isMergeCommit":true,"messageTitle":"Merge branch \u0027branch-Level-8\u0027","messageBody":"","tags":["Level-8"],"fileTypesAndContributionMap":{}}]},{"date":"2025-02-05","commitResults":[{"hash":"ecf0942f4153dde0671b5723143d7994f326db9b","isMergeCommit":false,"messageTitle":"Refactor code based on A-MoreOOP task","messageBody":"","fileTypesAndContributionMap":{"txt":{"insertions":3,"deletions":0},"java":{"insertions":209,"deletions":162}}},{"hash":"0995604c298df002744182df53aa8ddc5d63fda5","isMergeCommit":false,"messageTitle":"Delete redundant data file","messageBody":"","fileTypesAndContributionMap":{"txt":{"insertions":0,"deletions":3}}},{"hash":"6da40b487032e025258428cf8012a85c067c816d","isMergeCommit":true,"messageTitle":"Merge branch \u0027branch-A-MoreOOP\u0027","messageBody":"","tags":["A-MoreOOP"],"fileTypesAndContributionMap":{}},{"hash":"47bd08b23bb91a132d45effd6d0fc6a27163ea1b","isMergeCommit":false,"messageTitle":"Organize classes into suitable java packages","messageBody":"","fileTypesAndContributionMap":{"java":{"insertions":446,"deletions":416},"bat":{"insertions":2,"deletions":2},"sh":{"insertions":1,"deletions":1}}},{"hash":"354e7117662f8a500ebb9ca8ad0c1f29496678cb","isMergeCommit":true,"messageTitle":"Merge branch \u0027branch-A-Packages\u0027","messageBody":"","tags":["A-Packages"],"fileTypesAndContributionMap":{}},{"hash":"5bddf7c9e6c6c21201c0548b463364a0b081f97c","isMergeCommit":true,"messageTitle":"Merge branch \u0027add-gradle-support\u0027","messageBody":"","fileTypesAndContributionMap":{}}]},{"date":"2025-02-06","commitResults":[{"hash":"0342a48e1ed11dc7fcffe1d949ab25f2b2598b7c","isMergeCommit":false,"messageTitle":"Debug issue with running Gradle","messageBody":"","fileTypesAndContributionMap":{"gradle":{"insertions":2,"deletions":2}}}]},{"date":"2025-02-07","commitResults":[{"hash":"94f8444a92c0b6cc1669cd2f3db041babf7dd787","isMergeCommit":false,"messageTitle":"Complete J-Unit testing task","messageBody":"","fileTypesAndContributionMap":{"txt":{"insertions":1,"deletions":0},"java":{"insertions":50,"deletions":16}}},{"hash":"24475154c177295af9bc00fbe9cc8950f6ec9f5f","isMergeCommit":true,"messageTitle":"Merge branch \u0027branch-A-JUnit\u0027","messageBody":"","tags":["A-JUnit"],"fileTypesAndContributionMap":{}},{"hash":"520459cd05c0515fba4796c0ff45a3aa827eed0d","isMergeCommit":false,"messageTitle":"Complete A-JavaDoc adding comments to the code","messageBody":"","fileTypesAndContributionMap":{"java":{"insertions":24,"deletions":0}}},{"hash":"2b5ffd13e2c73c0133a67b3edc2120fe847ad6c8","isMergeCommit":false,"messageTitle":"Modify code to comply with coding standard","messageBody":"","fileTypesAndContributionMap":{"java":{"insertions":70,"deletions":25}}},{"hash":"c62aa39b1f0c5056ad02c244b5c70bc76831b439","isMergeCommit":false,"messageTitle":"Complete Level-9 find feature","messageBody":"","fileTypesAndContributionMap":{"txt":{"insertions":1,"deletions":0},"java":{"insertions":45,"deletions":5}}},{"hash":"8712f7a4039b27737ef7b10aa16bdd5a5fcf1d4d","isMergeCommit":false,"messageTitle":"Complete A-Cheer random motivational quote","messageBody":"","fileTypesAndContributionMap":{"java":{"insertions":13,"deletions":0}}},{"hash":"c00981ff7ea6e8a8e11bef6e979248d9241334cc","isMergeCommit":true,"messageTitle":"Merge branch \u0027branch-A-JavaDoc\u0027","messageBody":"","tags":["A-JavaDoc"],"fileTypesAndContributionMap":{}},{"hash":"88510854365a99e7912876048964591e46caab91","isMergeCommit":true,"messageTitle":"Merge branch \u0027branch-A-CodingStandard\u0027","messageBody":"","tags":["A-CodingStandard"],"fileTypesAndContributionMap":{}},{"hash":"058f6c26db56f363a97385520b00cf01d3834c55","isMergeCommit":true,"messageTitle":"Resolve conflicts with Level-9 branch","messageBody":"","tags":["Level-9"],"fileTypesAndContributionMap":{}},{"hash":"37851b5928312bb54d7ee2b76df8c8e9b1e72b13","isMergeCommit":true,"messageTitle":"Merge branch \u0027branch-A-Cheer\u0027","messageBody":"","tags":["A-Cheer"],"fileTypesAndContributionMap":{}}]},{"date":"2025-02-08","commitResults":[{"hash":"295db913e5644cf0f1d04e39e528e5a838dbe32b","isMergeCommit":false,"messageTitle":"Resolve missing method getTaskDescription() after merging","messageBody":"","fileTypesAndContributionMap":{"java":{"insertions":4,"deletions":0}}}]},{"date":"2025-02-09","commitResults":[{"hash":"14fc8ce762c8e92cc19b637c47304b0a2068edd2","isMergeCommit":false,"messageTitle":"Remove data file","messageBody":"","fileTypesAndContributionMap":{"txt":{"insertions":0,"deletions":2}}},{"hash":"c7d8be05194cb2c6f0ae6e986afa4575a7b8d5f1","isMergeCommit":false,"messageTitle":"Update JUnit Test","messageBody":"","fileTypesAndContributionMap":{"java":{"insertions":9,"deletions":3}}},{"hash":"df9cb8e3ac3ee958aadbb5af5cb7a5bae88ed344","isMergeCommit":true,"messageTitle":"Merge branch \u0027branch-A-JUnit\u0027","messageBody":"","fileTypesAndContributionMap":{}}]},{"date":"2025-02-11","commitResults":[{"hash":"151e3de3dd67db9bc926f1dda228ef7d15f02690","isMergeCommit":false,"messageTitle":"Complete Part 2 of JavaFX Tutorial","messageBody":"","fileTypesAndContributionMap":{"gradle":{"insertions":20,"deletions":15},"java":{"insertions":184,"deletions":63}}},{"hash":"015c5f5703ecf80151f9bd678d94e4963fb908b8","isMergeCommit":false,"messageTitle":"Complete Part 3 of JavaFX Tutorial","messageBody":"","fileTypesAndContributionMap":{"java":{"insertions":132,"deletions":98}}}]},{"date":"2025-02-12","commitResults":[{"hash":"df83cb32d9a6f909dd9c99e8244d6eb3ce66c24b","isMergeCommit":false,"messageTitle":"Integrate original chatbot functionality","messageBody":"","fileTypesAndContributionMap":{"txt":{"insertions":2,"deletions":0},"fxml":{"insertions":66,"deletions":0},"java":{"insertions":209,"deletions":274}}},{"hash":"bc9e6383afed6394bcd7e816636363e704b1875f","isMergeCommit":false,"messageTitle":"Complete A-UnitTesting and tests run successfully","messageBody":"","fileTypesAndContributionMap":{"txt":{"insertions":1,"deletions":0},"java":{"insertions":31,"deletions":4}}},{"hash":"644ac91dd343853838dc1d415f6db94d559ecf89","isMergeCommit":true,"messageTitle":"Merge branch \u0027branch-Level-10\u0027","messageBody":"","tags":["A-UnitTesting"],"fileTypesAndContributionMap":{}},{"hash":"fd85d23e7a9d1c18f4317e9140dc4d723d9497a8","isMergeCommit":false,"messageTitle":"Complete JavaFX Tutorial Part 5 and Level-10","messageBody":"","fileTypesAndContributionMap":{"txt":{"insertions":3,"deletions":0},"fxml":{"insertions":13,"deletions":38},"java":{"insertions":223,"deletions":56}}},{"hash":"d132b157927bde76a682fb388f4f0725f08b156b","isMergeCommit":true,"messageTitle":"Merge branch \u0027branch-Level-10\u0027","messageBody":"","tags":["Level-10"],"fileTypesAndContributionMap":{}}]},{"date":"2025-02-16","commitResults":[{"hash":"cc1e928c1ac80651a0775592973435b5e5cd91a7","isMergeCommit":false,"messageTitle":"Add assert feature to TaskManager, Parser, and Storage","messageBody":"","fileTypesAndContributionMap":{"java":{"insertions":15,"deletions":2}}},{"hash":"b19e1812eb645a10a95998d252dcaaf7e56d93a6","isMergeCommit":false,"messageTitle":"Modify Parser and TaskManager for A-CodeQuality","messageBody":"","fileTypesAndContributionMap":{"java":{"insertions":3,"deletions":4}}},{"hash":"3d91d541aaef1cff1e2b25c770702b5dbae23154","isMergeCommit":true,"messageTitle":"Merge branch \u0027branch-A-Assertions\u0027","messageBody":"","tags":["A-Assertions"],"fileTypesAndContributionMap":{}},{"hash":"0d1287ddf326abd91bc52af50621b34ed62021c8","isMergeCommit":true,"messageTitle":"Merge branch \u0027branch-A-CodeQuality\u0027","messageBody":"","tags":["A-CodeQuality"],"fileTypesAndContributionMap":{}}]},{"date":"2025-02-22","commitResults":[{"hash":"23c302147ece8b59e6478099c272b8ea206e6743","isMergeCommit":false,"messageTitle":"Add extention C-Sort in the form of showDeadlines() function to display to user all their deadline tasks in chronological order","messageBody":"","fileTypesAndContributionMap":{"txt":{"insertions":2,"deletions":1},"java":{"insertions":65,"deletions":8}}},{"hash":"c34148811628c5d3da6974ef8dd692b6706178dd","isMergeCommit":true,"messageTitle":"Merge branch \u0027branch-BCD-Extension\u0027","messageBody":"","tags":["BCD-Extension"],"fileTypesAndContributionMap":{}},{"hash":"6cea93df2d722165039cac1235d7fc1147d0da4e","isMergeCommit":false,"messageTitle":"Update README.md","messageBody":"","fileTypesAndContributionMap":{"md":{"insertions":63,"deletions":44}}},{"hash":"c5c51522a606baeb967bb2dcd12ec2a9514e7fea","isMergeCommit":false,"messageTitle":"Update README.md","messageBody":"","fileTypesAndContributionMap":{"md":{"insertions":1,"deletions":1}}},{"hash":"65eba50c61509124f247f57be13377523f520c44","isMergeCommit":false,"messageTitle":"Update README.md","messageBody":"","fileTypesAndContributionMap":{"md":{"insertions":12,"deletions":0}}}]}]},"authorFileTypeContributionMap":{"Jen999":{"java":960,"md":55,"fxml":41,"sh":2,"bat":2,"gradle":19,"txt":14}},"authorContributionVariance":{"Jen999":84586.766},"authorDisplayNameMap":{"Jen999":"TAN LING JEN"}}
