{"repoSenseVersion":"29b9f5fbd7","reportGeneratedTime":"Sun Feb 23 08:51:01 2025 UTC+08:00","reportGenerationTime":" 2.19 second(s)","zoneId":"UTC+08:00","reportTitle":"RepoSense Report","repos":[{"location":{"location":"https://github.com/andychong23/ip.git","repoName":"ip","organization":"andychong23","domainName":"github"},"branch":"master","displayName":"andychong23/ip[master]","outputFolderName":"andychong23_ip_master"},{"location":{"location":"https://github.com/friedrice231/ip.git","repoName":"ip","organization":"friedrice231","domainName":"github"},"branch":"master","displayName":"friedrice231/ip[master]","outputFolderName":"friedrice231_ip_master"},{"location":{"location":"https://github.com/superidol2/ip.git","repoName":"ip","organization":"superidol2","domainName":"github"},"branch":"master","displayName":"superidol2/ip[master]","outputFolderName":"superidol2_ip_master"},{"location":{"location":"https://github.com/Jen999/ip.git","repoName":"ip","organization":"Jen999","domainName":"github"},"branch":"master","displayName":"Jen999/ip[master]","outputFolderName":"Jen999_ip_master"},{"location":{"location":"https://github.com/PerRucia/ip.git","repoName":"ip","organization":"PerRucia","domainName":"github"},"branch":"master","displayName":"PerRucia/ip[master]","outputFolderName":"PerRucia_ip_master"}],"errorSet":[],"sinceDate":"2025-01-22","untilDate":"2025-02-23","isSinceDateProvided":true,"isUntilDateProvided":false,"supportedDomainUrlMap":{"NOT_RECOGNIZED":{"BRANCH":"","REPO_URL":"UNSUPPORTED","BASE_URL":"UNSUPPORTED","HISTORY_PATH":"","COMMIT_PATH":"","BLAME_PATH":""},"github":{"BRANCH":"tree/$BRANCH","REPO_URL":"https://github.com/$ORGANIZATION/$REPO_NAME/","BASE_URL":"https://github.com/","HISTORY_PATH":"commits/$BRANCH/$FILE_PATH","COMMIT_PATH":"commit/$COMMIT_HASH","BLAME_PATH":"blame/$BRANCH/$FILE_PATH"}},"isAuthorshipAnalyzed":false}
