{"authorDailyContributionsMap":{"friedrice231":[{"date":"2025-01-24","commitResults":[{"hash":"a54a191ea81d19314796dfea57d506e21de88920","isMergeCommit":false,"messageTitle":"Level-0","messageBody":"","tags":["Level-0"],"fileTypesAndContributionMap":{"java":{"insertions":1,"deletions":1}}}]},{"date":"2025-01-27","commitResults":[{"hash":"5fd4b8279b7aacdddaeb873c2677f663fa880e27","isMergeCommit":false,"messageTitle":"Level 1","messageBody":"","tags":["Level-1"],"fileTypesAndContributionMap":{"java":{"insertions":14,"deletions":1}}},{"hash":"5f52be2cabac313c622c86df009fcfd8d38341e3","isMergeCommit":false,"messageTitle":"Level-2","messageBody":"","tags":["Level-2"],"fileTypesAndContributionMap":{"java":{"insertions":41,"deletions":4}}}]},{"date":"2025-01-28","commitResults":[{"hash":"d7637f7e80c6ec31acfa7dedb356e9ca14ea15a3","isMergeCommit":false,"messageTitle":"Level-3","messageBody":"","tags":["Level-3"],"fileTypesAndContributionMap":{"java":{"insertions":82,"deletions":14}}}]},{"date":"2025-01-30","commitResults":[{"hash":"fa7e5b5414be5da1e80dc88b3fbfa1756b50f3d4","isMergeCommit":false,"messageTitle":"Level-4","messageBody":"","fileTypesAndContributionMap":{"java":{"insertions":74,"deletions":4}}},{"hash":"c46ba20cced1e1569f0f22112f9311a95356cff3","isMergeCommit":false,"messageTitle":"Level-4","messageBody":"","tags":["Level-4"],"fileTypesAndContributionMap":{"java":{"insertions":2,"deletions":2}}}]},{"date":"2025-02-01","commitResults":[{"hash":"cfb7a3bb4f72b6b6509722bb9dc117d7524f9fe9","isMergeCommit":false,"messageTitle":"Level-5","messageBody":"","tags":["Level-5"],"fileTypesAndContributionMap":{"txt":{"insertions":44,"deletions":14},"java":{"insertions":179,"deletions":68},"sh":{"insertions":82,"deletions":82}}},{"hash":"be4b3fe5752265e300517f4d5966b4586b6590bc","isMergeCommit":false,"messageTitle":"Level-6","messageBody":"","tags":["Level-6"],"fileTypesAndContributionMap":{"txt":{"insertions":3,"deletions":0},"java":{"insertions":31,"deletions":1}}},{"hash":"4c43a89c6c614f9afadae709583ace9e0a12bf49","isMergeCommit":false,"messageTitle":"A-Enums","messageBody":"","tags":["A-Enums"],"fileTypesAndContributionMap":{"java":{"insertions":22,"deletions":8}}}]},{"date":"2025-02-04","commitResults":[{"hash":"9245bfd7ca671462a0a0f4011ed7ee9ad6c43e4f","isMergeCommit":false,"messageTitle":"Create new folders to better manage the different classes, updated runtest.sh","messageBody":"","fileTypesAndContributionMap":{"java":{"insertions":380,"deletions":351}}},{"hash":"8cbf8d1dba07cc89caa52dad3003e172685a0c8a","isMergeCommit":false,"messageTitle":"Update PawPal.java to use printer for hi/bye messages","messageBody":"","fileTypesAndContributionMap":{"txt":{"insertions":2,"deletions":0},"java":{"insertions":458,"deletions":380},"sh":{"insertions":1,"deletions":1}}},{"hash":"9283ffd0cdad553cc8752b6c269e9a37a7ef0938","isMergeCommit":false,"messageTitle":"Update and standardise comments across classes, add functionalities for saving and loading tasks","messageBody":"","fileTypesAndContributionMap":{"txt":{"insertions":2,"deletions":2},"java":{"insertions":319,"deletions":54}}},{"hash":"279951904197c5de90b8fa6c2b78b600f0eb14fd","isMergeCommit":true,"messageTitle":"Merge branch-level-7 into master","messageBody":"","tags":["Level-7"],"fileTypesAndContributionMap":{}}]},{"date":"2025-02-07","commitResults":[{"hash":"e0de67fa60391ff79bb28daae163a399e4a787cc","isMergeCommit":false,"messageTitle":"Add support for specific d/M/yyyy HHmm input for deadline and event task","messageBody":"","fileTypesAndContributionMap":{"java":{"insertions":59,"deletions":12}}},{"hash":"d8e223e0cd29436c241c7e4d0fe8f37403cf967b","isMergeCommit":true,"messageTitle":"Merge branch-level-8 into master","messageBody":"","tags":["Level-8"],"fileTypesAndContributionMap":{}},{"hash":"bc4ae2b2d984f5cdaf77cfab751463678dd60ab1","isMergeCommit":false,"messageTitle":"Add Storage class and refactor TaskManager to TaskList","messageBody":"","fileTypesAndContributionMap":{"java":{"insertions":244,"deletions":235}}},{"hash":"c98985819396769a31e6c6f1395a1a3568938a06","isMergeCommit":false,"messageTitle":"Added UI class","messageBody":"","fileTypesAndContributionMap":{"java":{"insertions":149,"deletions":12}}},{"hash":"73884b85badaaeb432717760edb94c2a9450e93c","isMergeCommit":true,"messageTitle":"Merge branch A-MoreOOP into master","messageBody":"","tags":["A-MoreOOP"],"fileTypesAndContributionMap":{}},{"hash":"1e2c6e711824ca9c403e03528250a72477413f9c","isMergeCommit":false,"messageTitle":"Repackage code into core/tasks/utils packages","messageBody":"","fileTypesAndContributionMap":{"txt":{"insertions":3,"deletions":1},"java":{"insertions":196,"deletions":153}}},{"hash":"deee5a308497a6d4f20494de752c66e7b97211df","isMergeCommit":true,"messageTitle":"Merge A-Packages into master","messageBody":"","tags":["A-Packages"],"fileTypesAndContributionMap":{}},{"hash":"d15f5e8ef96d5cd3547cd100c63ccbade8e1ac48","isMergeCommit":true,"messageTitle":"Merge branch \u0027A-Gradle\u0027 Add Gradle Support","messageBody":"","tags":["A-Gradle"],"fileTypesAndContributionMap":{}},{"hash":"e9b1cbad2c7f6aa3c78063c16ad72e656fc8ad83","isMergeCommit":false,"messageTitle":"Add JUnit test for TaskList and Parser Class in PawPalTest.java","messageBody":"","fileTypesAndContributionMap":{"gradle":{"insertions":4,"deletions":0},"java":{"insertions":40,"deletions":1}}},{"hash":"4bf6d21294741675d6fa30634327786a36d84cbd","isMergeCommit":false,"messageTitle":"Add PawPalTest.java to test TaskList.java and Parser.java","messageBody":"","fileTypesAndContributionMap":{"gradle":{"insertions":0,"deletions":4},"java":{"insertions":2,"deletions":2}}},{"hash":"062113d7fcceaff6665317abed29e7626ad97def","isMergeCommit":true,"messageTitle":"Merge A-JUnit to master","messageBody":"","tags":["A-JUnit"],"fileTypesAndContributionMap":{}},{"hash":"29f5a438f0b388d5d81477a9728727dfb912db7f","isMergeCommit":false,"messageTitle":"Change build.gradle to fit PawPal for creating JAR File","messageBody":"","tags":["A-Jar"],"fileTypesAndContributionMap":{"gradle":{"insertions":3,"deletions":2}}},{"hash":"fa1205c0b86ffbb3d7f5ca11585f0a904a74a0ca","isMergeCommit":false,"messageTitle":"Tidy up comments on Task.java, Todo.java and Printer.java","messageBody":"","fileTypesAndContributionMap":{"java":{"insertions":13,"deletions":13}}},{"hash":"a776ad2bd655917b598404a11fd0a2bdfc7cb9b5","isMergeCommit":true,"messageTitle":"Merge branch-A-JavaDoc to master","messageBody":"","tags":["A-JavaDoc"],"fileTypesAndContributionMap":{}},{"hash":"b62ae40ff8dad5523e382833c31b52c2dacc2564","isMergeCommit":false,"messageTitle":"Reorder import order of packages for java to be first","messageBody":"","fileTypesAndContributionMap":{"java":{"insertions":12,"deletions":12}}},{"hash":"140a94fe2b5b54f27a6e74551caada1cea886419","isMergeCommit":true,"messageTitle":"Merge branch-A-CodingStandard to master","messageBody":"","tags":["A-CodingStandard"],"fileTypesAndContributionMap":{}},{"hash":"d60690502a604751656fc606e98afcb13e5b75f3","isMergeCommit":false,"messageTitle":"Add FIND to command enums","messageBody":"","fileTypesAndContributionMap":{"java":{"insertions":1,"deletions":1}}},{"hash":"c371b232310ae1a8910194868ed554bf5cc2d8b0","isMergeCommit":false,"messageTitle":"Add functionality for user to search for a task in the task list","messageBody":"","fileTypesAndContributionMap":{"java":{"insertions":43,"deletions":0}}},{"hash":"4a3e418442ed384608380e03c43addc3979d726b","isMergeCommit":true,"messageTitle":"Merge branch-Level-9 to master for search capabilities.","messageBody":"","tags":["Level-9"],"fileTypesAndContributionMap":{}},{"hash":"19e817b9cda36330283d223ff83919afe8bbd7ee","isMergeCommit":false,"messageTitle":"Add cheering capabilities to PawPal","messageBody":"","fileTypesAndContributionMap":{"txt":{"insertions":6,"deletions":0},"java":{"insertions":67,"deletions":6}}},{"hash":"b2bc489bea1d2c09399b901d68637b735eb50c4e","isMergeCommit":true,"messageTitle":"Merge branch-A-Cheer for cheering functions","messageBody":"","tags":["A-Cheer"],"fileTypesAndContributionMap":{}}]},{"date":"2025-02-11","commitResults":[{"hash":"82f534c762a3f4de12d71bff2c6f364ae37720d4","isMergeCommit":false,"messageTitle":"Remove unnecessary input when cheering","messageBody":"","fileTypesAndContributionMap":{"java":{"insertions":2,"deletions":2}}}]},{"date":"2025-02-12","commitResults":[{"hash":"529d35dcee2414d19d885ef31ca4dc351885dd2d","isMergeCommit":false,"messageTitle":"Fix Checkstyle errors for Parsere.java and PawPal.java","messageBody":"","fileTypesAndContributionMap":{"java":{"insertions":44,"deletions":48}}},{"hash":"771e80ca0a450ce3a9cd9cc50784fe740c9f7d1c","isMergeCommit":false,"messageTitle":"Update style from checkstyle for storage and tasklist.java","messageBody":"","fileTypesAndContributionMap":{"java":{"insertions":14,"deletions":5}}},{"hash":"4a3dd4bd0fe313d0c83fe8876ae73118127b4c29","isMergeCommit":false,"messageTitle":"Update Printer.java to follow CheckStyle","messageBody":"","fileTypesAndContributionMap":{"java":{"insertions":5,"deletions":4}}},{"hash":"aecf856001fbfa971de3694e953faad2b0b7c38a","isMergeCommit":false,"messageTitle":"Update packages to follow CheckStyle","messageBody":"","tags":["A-CheckStyle"],"fileTypesAndContributionMap":{"java":{"insertions":8,"deletions":6}}},{"hash":"a43d38d8c9205c943fa4aa2c71e750519774adcb","isMergeCommit":false,"messageTitle":"Update build.gradle according to provided task","messageBody":"","fileTypesAndContributionMap":{"gradle":{"insertions":15,"deletions":0}}},{"hash":"1453c4a31c5c9196a797127fb9c05d9439c50bc0","isMergeCommit":false,"messageTitle":"Update Deadline.java and Event.java to not use null pointers.","messageBody":"","fileTypesAndContributionMap":{"java":{"insertions":47,"deletions":35}}}]},{"date":"2025-02-13","commitResults":[{"hash":"a92cf4e3ff63528c52aa55411998d206e13f7135","isMergeCommit":false,"messageTitle":"Add JavaFX support and update parse to return instead of printing to facilitate the JavaFX tasking","messageBody":"","fileTypesAndContributionMap":{"gradle":{"insertions":18,"deletions":2},"txt":{"insertions":5,"deletions":4},"fxml":{"insertions":44,"deletions":0},"java":{"insertions":370,"deletions":353}}},{"hash":"95bdf7813816f1e24aa7f2763dec5e0be6f01dec","isMergeCommit":true,"messageTitle":"Merge branch-Level-10 to master","messageBody":"","fileTypesAndContributionMap":{}},{"hash":"30c42ec1ce257ab1e5e3e7635d23c9183df2fef9","isMergeCommit":false,"messageTitle":"Add an icon and title to the app","messageBody":"","fileTypesAndContributionMap":{"txt":{"insertions":0,"deletions":1},"java":{"insertions":6,"deletions":0}}},{"hash":"e0b28931f88f5f38ce452db4d69ee1edc41462a6","isMergeCommit":false,"messageTitle":"Add some css for the UI and also made sure the program quits when user inputs bye","messageBody":"","tags":["Level-10"],"fileTypesAndContributionMap":{"fxml":{"insertions":2,"deletions":2},"java":{"insertions":14,"deletions":1}}}]},{"date":"2025-02-14","commitResults":[{"hash":"a32d92b6d016995a11f0a5a36e87127565e90429","isMergeCommit":false,"messageTitle":"Fix a bug where users cannot input event/deadline and can input empty todos","messageBody":"","fileTypesAndContributionMap":{"gradle":{"insertions":73,"deletions":73},"txt":{"insertions":5,"deletions":2},"fxml":{"insertions":1,"deletions":1},"java":{"insertions":63,"deletions":21},"sh":{"insertions":82,"deletions":82}}},{"hash":"f3d873ec4890b89fdabc5f22242c20bb8f1ed748","isMergeCommit":false,"messageTitle":"Add test for ParserTest and TaskListTest","messageBody":"","fileTypesAndContributionMap":{"txt":{"insertions":0,"deletions":2},"java":{"insertions":67,"deletions":1}}},{"hash":"1625216eeaf310ee935a7f314064ed6cf7f11792","isMergeCommit":true,"messageTitle":"Merge Branch-A-UnitTesting to master","messageBody":"","tags":["A-UnitTesting"],"fileTypesAndContributionMap":{}}]},{"date":"2025-02-20","commitResults":[{"hash":"ec12c56da70e6836abb1888ca49db731d0de3b49","isMergeCommit":false,"messageTitle":"Currently, there are no checks to make sure that the start date is before the end date. Add an assert statement in Event Constructor to check that the parsed start time is not after the end time. This documents the assumption that an Event’s start must chronologically precede its end.","messageBody":"","fileTypesAndContributionMap":{"java":{"insertions":3,"deletions":0}}},{"hash":"76645e1cb448fdf1daf82b5c84dbf6da44a9fa41","isMergeCommit":false,"messageTitle":"Add an assert statement in the Task constructor to ensure that the \u0027description\u0027 string is not blank. This documents our assumption that a valid Deadline cannot have an empty deadline string.","messageBody":"","tags":["A-FullCommitMessage"],"fileTypesAndContributionMap":{"java":{"insertions":1,"deletions":0}}},{"hash":"326e634aecc39e5571a017a74dcf5b9adbc2a909","isMergeCommit":false,"messageTitle":"Refactor parseTask in Storage.java as it was more than 30 lines long.","messageBody":"","fileTypesAndContributionMap":{"txt":{"insertions":1,"deletions":3},"java":{"insertions":60,"deletions":36}}},{"hash":"52dc8b4c768d8869aa4686663db9fd0f3e67b6ce","isMergeCommit":false,"messageTitle":"Refactor parseTask in Storage.java as it was using some null pointers.","messageBody":"","fileTypesAndContributionMap":{"java":{"insertions":31,"deletions":26}}},{"hash":"a5df928c712be9a148e30ef12479a9d28af2874a","isMergeCommit":false,"messageTitle":"Update findTask() in TaskList.java to use Java Streams","messageBody":"","fileTypesAndContributionMap":{"java":{"insertions":6,"deletions":6}}},{"hash":"4b5e8fcf9258ebb15f6f32e92efc0fe83497d61a","isMergeCommit":true,"messageTitle":"Merge pull request #1 from friedrice231/branch-A-Assertions","messageBody":"Branch-A-Assertions","tags":["A-Assertions"],"fileTypesAndContributionMap":{}},{"hash":"d10e4ac781f44cc5bc59808cc9e988490b89772e","isMergeCommit":true,"messageTitle":"Merge pull request #3 from friedrice231/branch-A-Streams","messageBody":"Branch-A-Streams","tags":["A-Streams"],"fileTypesAndContributionMap":{}},{"hash":"79410e4373ae73167c4c2d9aa50cb50b2bb54383","isMergeCommit":true,"messageTitle":"Merge pull request #2 from friedrice231/branch-A-CodeQuality","messageBody":"Branch-A-CodeQuality","tags":["A-CodeQuality"],"fileTypesAndContributionMap":{}}]},{"date":"2025-02-21","commitResults":[{"hash":"9a7cf5dc258874382d08ffb8d3738013121af1ba","isMergeCommit":false,"messageTitle":"Add support for sorting task from ToDo\u003eDeadline\u003eEvent by chronological order","messageBody":"","fileTypesAndContributionMap":{"txt":{"insertions":2,"deletions":2},"java":{"insertions":58,"deletions":2}}},{"hash":"ba9939963bf911e93292ae59556971c07204edf3","isMergeCommit":true,"messageTitle":"Merge branch-C-Sort to master","messageBody":"","tags":["BCD-Extension"],"fileTypesAndContributionMap":{}}]}]},"authorFileTypeContributionMap":{"friedrice231":{"java":1353,"md":0,"fxml":44,"sh":3,"bat":0,"gradle":34,"txt":49}},"authorContributionVariance":{"friedrice231":183655.78},"authorDisplayNameMap":{"friedrice231":"LOH YEE KAI"}}
