{"authorDailyContributionsMap":{"PerRucia":[{"date":"2025-02-07","commitResults":[{"hash":"dce8367a7d15d275efb771199a8d81b9206628a9","isMergeCommit":false,"messageTitle":"Create AI.md","messageBody":"","fileTypesAndContributionMap":{"md":{"insertions":0,"deletions":0}}},{"hash":"60201c255f3ea7509bbec7bd4143f0a5657f6f7d","isMergeCommit":false,"messageTitle":"Delete Duke.java","messageBody":"","fileTypesAndContributionMap":{"java":{"insertions":0,"deletions":10}}},{"hash":"38eaf40f5f6c3901702d907d5064babef8d11f6c","isMergeCommit":false,"messageTitle":"Create Rucia.java","messageBody":"","tags":["Level-0-Rename,-Greet,-Exit"],"fileTypesAndContributionMap":{"java":{"insertions":37,"deletions":0}}},{"hash":"d1837948af72cf24388f7f291a2c2171bcfb117c","isMergeCommit":false,"messageTitle":"Update Rucia.java","messageBody":"","tags":["Level-1-Echo"],"fileTypesAndContributionMap":{"java":{"insertions":31,"deletions":18}}},{"hash":"f24fc1138974a42c9e1a0b915ebac6a4a92b3783","isMergeCommit":false,"messageTitle":"Update Rucia.java","messageBody":"","tags":["Level-2-Add,-List"],"fileTypesAndContributionMap":{"java":{"insertions":19,"deletions":2}}},{"hash":"53c836fecb631a8a9309920af1bae527ccc4fec7","isMergeCommit":false,"messageTitle":"Create misc.txt","messageBody":"","fileTypesAndContributionMap":{"txt":{"insertions":7,"deletions":0}}},{"hash":"99c696f4dcd6d2eb5266d2213e8e00512e64a279","isMergeCommit":false,"messageTitle":"Update Rucia.java","messageBody":"","tags":["Level-3-Mark-as-Done"],"fileTypesAndContributionMap":{"java":{"insertions":62,"deletions":16}}},{"hash":"9bc94545d6e40a2bdbdce988c2f7e15201b55d16","isMergeCommit":false,"messageTitle":"Create tasks package","messageBody":"","fileTypesAndContributionMap":{"java":{"insertions":89,"deletions":0}}},{"hash":"ea6ba4a5592f4c3582e28bd6f8a02e6be3080518","isMergeCommit":false,"messageTitle":"Update Rucia.java","messageBody":"","tags":["Level-4-ToDo,-Event,-Deadline"],"fileTypesAndContributionMap":{"java":{"insertions":32,"deletions":32}}},{"hash":"54f3a815a155c8ca9858b3d38cfd85bc2710cb63","isMergeCommit":false,"messageTitle":"Setup I/O tests","messageBody":"","fileTypesAndContributionMap":{"txt":{"insertions":13,"deletions":0},"bat":{"insertions":24,"deletions":15}}},{"hash":"a11f024099f1cd41b15293d83909f34ea38c4fd2","isMergeCommit":false,"messageTitle":"Update Rucia.java","messageBody":"","tags":["Level-5-Handle-Errors","A-TextUiTesting-Automated-Text-UI-Testing"],"fileTypesAndContributionMap":{"java":{"insertions":5,"deletions":2}}},{"hash":"e72cad1e94c6c193ff8aef5658ae86e0902934df","isMergeCommit":false,"messageTitle":"Update test cases for delete function","messageBody":"","fileTypesAndContributionMap":{"txt":{"insertions":4,"deletions":0}}},{"hash":"cd8f634e703aaa4cd464630556104303c49fbb10","isMergeCommit":false,"messageTitle":"Update Rucia.java","messageBody":"","tags":["Level-6-Delete"],"fileTypesAndContributionMap":{"java":{"insertions":18,"deletions":1}}},{"hash":"846b54eadbd89d3d28e364827559d1a2491d8fd2","isMergeCommit":false,"messageTitle":"Update Rucia.java","messageBody":"","fileTypesAndContributionMap":{"java":{"insertions":27,"deletions":22}}},{"hash":"f412b8fb57241c11025557d587b16c1db24ac162","isMergeCommit":false,"messageTitle":"Update AI.md","messageBody":"","fileTypesAndContributionMap":{"md":{"insertions":11,"deletions":0}}},{"hash":"b573bbc1438acc79d341a9a50486413642d13a95","isMergeCommit":false,"messageTitle":"Add test inputs for level-7","messageBody":"","fileTypesAndContributionMap":{"txt":{"insertions":4,"deletions":1}}},{"hash":"6b15402e08f8056789a7a1d50bca82b889423326","isMergeCommit":false,"messageTitle":"Complete level-7","messageBody":"","tags":["Level-7-Save"],"fileTypesAndContributionMap":{"txt":{"insertions":2,"deletions":0},"java":{"insertions":82,"deletions":2}}},{"hash":"50fd55b7cb5f9e2b550c7da542ab7cbf84be66c3","isMergeCommit":false,"messageTitle":"Update Rucia.java","messageBody":"","tags":["A-Enums-Use-Enums"],"fileTypesAndContributionMap":{"java":{"insertions":61,"deletions":27}}}]},{"date":"2025-02-08","commitResults":[{"hash":"d30dad0545b87741372fdeed370d643a9e29f010","isMergeCommit":false,"messageTitle":"Add date handling for tasks","messageBody":"","fileTypesAndContributionMap":{"java":{"insertions":25,"deletions":2}}},{"hash":"1d823612e123fa9e26b7db967f6601da00c41914","isMergeCommit":false,"messageTitle":"Update Rucia.java","messageBody":"","tags":["Level-8-Dates-and-Times"],"fileTypesAndContributionMap":{"java":{"insertions":138,"deletions":39}}},{"hash":"2fd730706e0899c25e9834b921f38ca9dce4bd37","isMergeCommit":false,"messageTitle":"Update tasks.txt","messageBody":"","fileTypesAndContributionMap":{"txt":{"insertions":0,"deletions":2}}},{"hash":"1843668574f5e8551ebbf1e81a8bfd71a0c61767","isMergeCommit":false,"messageTitle":"Update test files","messageBody":"","fileTypesAndContributionMap":{"txt":{"insertions":0,"deletions":1}}},{"hash":"5b98b1724b63a98b8f15581f313a16ab7db36e81","isMergeCommit":true,"messageTitle":"Merge branch \u0027branch-level-8\u0027","messageBody":"","fileTypesAndContributionMap":{}},{"hash":"b7165d4c638c01f6eb29a76bb27e6d02a1aea2f7","isMergeCommit":false,"messageTitle":"Create Ui.java","messageBody":"","fileTypesAndContributionMap":{"java":{"insertions":70,"deletions":0}}},{"hash":"2365be4fd70541c7cdcf485a1833d9f4f9f99604","isMergeCommit":false,"messageTitle":"Update Ui.java","messageBody":"","fileTypesAndContributionMap":{"java":{"insertions":0,"deletions":1}}},{"hash":"37796296862ebb6c5163d0ed1be72de664e52402","isMergeCommit":false,"messageTitle":"Update Rucia.java for to use Ui.java","messageBody":"","fileTypesAndContributionMap":{"java":{"insertions":42,"deletions":54}}},{"hash":"f785c295b42478692e370ffedda7e4dc41be45e4","isMergeCommit":false,"messageTitle":"Create Parser.java","messageBody":"","fileTypesAndContributionMap":{"java":{"insertions":170,"deletions":0}}},{"hash":"1f42967c8622e6617bbf498f1996a0b6644b16e5","isMergeCommit":false,"messageTitle":"Create Storage.java","messageBody":"","fileTypesAndContributionMap":{"java":{"insertions":98,"deletions":0}}},{"hash":"d78a4d6758967e39f77569909c589e04436f8e0c","isMergeCommit":false,"messageTitle":"Update Rucia.java to use parser and storage classes","messageBody":"","fileTypesAndContributionMap":{"java":{"insertions":6,"deletions":278}}},{"hash":"0fa59edecd69c0ce27ac75886cc7c267b8a08a51","isMergeCommit":false,"messageTitle":"Create TaskList.java","messageBody":"","fileTypesAndContributionMap":{"java":{"insertions":48,"deletions":0}}},{"hash":"2c25a0a6422ce06f521e2675048c68005e169fa9","isMergeCommit":false,"messageTitle":"Update Parser.java","messageBody":"","fileTypesAndContributionMap":{"java":{"insertions":31,"deletions":31}}},{"hash":"6ebe2d7cf4701254f3b9db4b4864886bf5100920","isMergeCommit":false,"messageTitle":"Update Rucia.java","messageBody":"","tags":["A-MoreOOP-Use-More-OOP"],"fileTypesAndContributionMap":{"java":{"insertions":3,"deletions":4}}},{"hash":"a78b2b8fff722b4544999cc02f8e775ae24407b3","isMergeCommit":false,"messageTitle":"Create command class","messageBody":"","fileTypesAndContributionMap":{"java":{"insertions":9,"deletions":0}}},{"hash":"02075c9c6bd460aa702aea7eac675ac7ff66de63","isMergeCommit":false,"messageTitle":"Abstract events to commands","messageBody":"","fileTypesAndContributionMap":{"java":{"insertions":101,"deletions":0}}},{"hash":"86556c62e2075757cdd701ffe2a0412fed4e99c3","isMergeCommit":false,"messageTitle":"Move into packages","messageBody":"","fileTypesAndContributionMap":{"java":{"insertions":2,"deletions":1}}},{"hash":"ae0cd86c333d1d2758965a6c2f3f410c074cc1c4","isMergeCommit":false,"messageTitle":"Update Parser.java","messageBody":"","tags":["A-Packages-Organize-into-Packages"],"fileTypesAndContributionMap":{"java":{"insertions":34,"deletions":96}}},{"hash":"5ffe19c45d4bffa372a14a42770c8c5c1fbae015","isMergeCommit":true,"messageTitle":"Merge pull request #1 from PerRucia/branch-packages","messageBody":"Branch packages","fileTypesAndContributionMap":{}},{"hash":"12829d5f98f8cbb7f1aa2da3ed4feb0f5f417f39","isMergeCommit":false,"messageTitle":"Fix storage writing","messageBody":"","fileTypesAndContributionMap":{"txt":{"insertions":3,"deletions":1},"java":{"insertions":87,"deletions":105}}},{"hash":"6b2739f6d880e4157459932c32a2dc7259255fd9","isMergeCommit":false,"messageTitle":"Update AI.md","messageBody":"","tags":["A-Gradle-Use-Gradle"],"fileTypesAndContributionMap":{"md":{"insertions":8,"deletions":0}}},{"hash":"515bd7fadaabf361046dcd8e6e5355c715203dea","isMergeCommit":false,"messageTitle":"Update Storage.java and relevant classes to use Storage as an instance instead of static methods","messageBody":"","fileTypesAndContributionMap":{"txt":{"insertions":3,"deletions":3},"java":{"insertions":159,"deletions":22}}},{"hash":"de0f1170c7e63d49633fcb8684f2b0fdedc88811","isMergeCommit":false,"messageTitle":"Delete JUnit tests","messageBody":"","fileTypesAndContributionMap":{"java":{"insertions":0,"deletions":115}}},{"hash":"c9b4073456c7d0e430f287a1b03cf016c3502776","isMergeCommit":false,"messageTitle":"Create ByeCommand.java","messageBody":"","fileTypesAndContributionMap":{"java":{"insertions":14,"deletions":0}}},{"hash":"e6d2f35c75a55d402ed0336ce04372ba089f7f4c","isMergeCommit":false,"messageTitle":"Update Parser.java","messageBody":"","fileTypesAndContributionMap":{"java":{"insertions":7,"deletions":4}}},{"hash":"3671eab9f5ccaa0e61e7c2524b580a7fd453caff","isMergeCommit":false,"messageTitle":"Update parser class to CommandParser and CommandIdentifier classes","messageBody":"","fileTypesAndContributionMap":{"java":{"insertions":224,"deletions":165}}},{"hash":"c1391326eee50ba3ef8ba4b01f2e491d60995f3f","isMergeCommit":false,"messageTitle":"Create ListCommand.java","messageBody":"","fileTypesAndContributionMap":{"java":{"insertions":20,"deletions":0}}},{"hash":"2c77e8370031171b8d1b1abfd657751602f94278","isMergeCommit":false,"messageTitle":"Add ListCommand.java and bug fixes","messageBody":"","fileTypesAndContributionMap":{"java":{"insertions":106,"deletions":6}}},{"hash":"745dd1095a5cb399dc282bd1a476de142471b578","isMergeCommit":false,"messageTitle":"Fix mark and unmark issues with writing to storage","messageBody":"","fileTypesAndContributionMap":{"java":{"insertions":27,"deletions":13}}},{"hash":"3761524f28f1e8971d297dcbbd7ddfea7fcb5672","isMergeCommit":false,"messageTitle":"Create DeleteCommand.java","messageBody":"","fileTypesAndContributionMap":{"java":{"insertions":37,"deletions":0}}},{"hash":"dadf0da80ee4c880ff740311ce37b2290d3a80a7","isMergeCommit":false,"messageTitle":"Create ListDayCommand.java","messageBody":"","fileTypesAndContributionMap":{"java":{"insertions":55,"deletions":0}}},{"hash":"21e073e0e0e94625e06f24fe64b11374955f882c","isMergeCommit":false,"messageTitle":"Update Task.java","messageBody":"","fileTypesAndContributionMap":{"java":{"insertions":2,"deletions":0}}},{"hash":"3d31f607a98a780990c1b3f2e681b9730011c6fc","isMergeCommit":false,"messageTitle":"Update CommandParser.java","messageBody":"","fileTypesAndContributionMap":{"java":{"insertions":7,"deletions":4}}},{"hash":"b3c96c5fb7e15fa8a7e3e0a7697288afa9f5bf52","isMergeCommit":false,"messageTitle":"Create HelpCommand.java","messageBody":"","fileTypesAndContributionMap":{"java":{"insertions":26,"deletions":1}}},{"hash":"c93919744e9f5e0f9e5dce164953a0fbf1d14dfc","isMergeCommit":false,"messageTitle":"Create ClearCommand.java","messageBody":"","fileTypesAndContributionMap":{"java":{"insertions":30,"deletions":1}}},{"hash":"9d1941475022596b97af2129978395e224625b5d","isMergeCommit":false,"messageTitle":"Update build.gradle to allow for mockito","messageBody":"","fileTypesAndContributionMap":{"gradle":{"insertions":1,"deletions":0}}},{"hash":"365cbcadae4421622c7d796910975b9ad254a8a4","isMergeCommit":false,"messageTitle":"Update DeleteCommand.java","messageBody":"","fileTypesAndContributionMap":{"java":{"insertions":1,"deletions":0}}},{"hash":"5b792618f864fa14b957f6c80c0540468ef10a41","isMergeCommit":false,"messageTitle":"Delete DateTimeFormatTest.java","messageBody":"","fileTypesAndContributionMap":{"java":{"insertions":0,"deletions":38}}},{"hash":"89a0efc654bc5f741773bdcc560bdf5dd8233fae","isMergeCommit":false,"messageTitle":"Create RuciaTest.java","messageBody":"","tags":["A-JUnit-Add-JUnit-Tests"],"fileTypesAndContributionMap":{"java":{"insertions":182,"deletions":0}}},{"hash":"f54c35edaabde11dff39a6b2916ba19a37a1a2d8","isMergeCommit":false,"messageTitle":"Update tasks.txt","messageBody":"","fileTypesAndContributionMap":{"txt":{"insertions":2,"deletions":1}}},{"hash":"7648659d31337920bdc56b613a0816a5e0291bac","isMergeCommit":false,"messageTitle":"Update runtest.bat to fix wrong main java path","messageBody":"","fileTypesAndContributionMap":{"txt":{"insertions":2,"deletions":0}}},{"hash":"8bb10e7a4d2ea182ffce1dfd15d85d0d37762cb6","isMergeCommit":false,"messageTitle":"Update build.gradle","messageBody":"","fileTypesAndContributionMap":{"gradle":{"insertions":25,"deletions":3}}},{"hash":"55aed813dc0c1db6bc4a6f5cc2dcab6e6227d9b5","isMergeCommit":false,"messageTitle":"Update Storage.java to create new directory when running chatbot from a jar file","messageBody":"","tags":["A-Jar-Create-a-JAR-File"],"fileTypesAndContributionMap":{"java":{"insertions":15,"deletions":1}}},{"hash":"472934c6aa7f664647b7cb64d0a40f96ab8025cb","isMergeCommit":true,"messageTitle":"Merge branch \u0027branch-jar\u0027","messageBody":"","fileTypesAndContributionMap":{}},{"hash":"21e8c15fcf8f7e7f721df2117f1175f14c64e3b6","isMergeCommit":false,"messageTitle":"Add Javadoc headers and comments","messageBody":"","tags":["A-JavaDoc-JavaDoc","A-CodingStandard-Follow-the-Coding-Standard"],"fileTypesAndContributionMap":{"java":{"insertions":542,"deletions":29}}},{"hash":"cdcbb907d6fa274ac079d60fe1ab0895b81571e9","isMergeCommit":false,"messageTitle":"Create FindCommand.java","messageBody":"","fileTypesAndContributionMap":{"java":{"insertions":34,"deletions":0}}},{"hash":"ca6b000fcddc0a7e78db13aec3808b871e9fdee0","isMergeCommit":false,"messageTitle":"Update command identification and parsing to use new find command","messageBody":"","fileTypesAndContributionMap":{"java":{"insertions":8,"deletions":0}}},{"hash":"767238176835707823ab896d46bcea11285607c6","isMergeCommit":false,"messageTitle":"Add test case for find command","messageBody":"","tags":["Level-9-Find"],"fileTypesAndContributionMap":{"java":{"insertions":20,"deletions":0}}},{"hash":"c7f0ad00429ebc9a35c07b8d5a285151f2c36229","isMergeCommit":false,"messageTitle":"Update HelpCommand.java","messageBody":"","fileTypesAndContributionMap":{"java":{"insertions":2,"deletions":1}}},{"hash":"9e37fbbaa289f1cadf59525a508aa864035595c9","isMergeCommit":false,"messageTitle":"Create cheer.txt","messageBody":"","fileTypesAndContributionMap":{"txt":{"insertions":20,"deletions":0}}},{"hash":"936ebb19229c4412944f1fedffff00108b861ef2","isMergeCommit":false,"messageTitle":"Create CheerCommand.java","messageBody":"","fileTypesAndContributionMap":{"java":{"insertions":56,"deletions":0}}},{"hash":"4ea94adacff9f272c2c1e97e67e2256e92ac11a7","isMergeCommit":false,"messageTitle":"Update command identifier and parser to make use of new cheer command","messageBody":"","fileTypesAndContributionMap":{"java":{"insertions":4,"deletions":0}}},{"hash":"09a1d2cf2c4c4ebef439e7c1e6b9c3d2594423e4","isMergeCommit":false,"messageTitle":"Update RuciaTest.java","messageBody":"","tags":["A-Cheer-Random-Motivational-Quote"],"fileTypesAndContributionMap":{"java":{"insertions":18,"deletions":0}}},{"hash":"0e0be43b4a758075ec487f7d36faefc69c52aa1f","isMergeCommit":true,"messageTitle":"Merge branch \u0027branch-level9-find\u0027","messageBody":"","fileTypesAndContributionMap":{}},{"hash":"80ba2e600a4d528858b8847ab25131a55699035c","isMergeCommit":true,"messageTitle":"Merge branch \u0027branch-cheer\u0027","messageBody":"","fileTypesAndContributionMap":{}},{"hash":"c5667b599fbdc1832713fed58ce8eef77092caf8","isMergeCommit":false,"messageTitle":"Fix bug when reading marked tasks from storage","messageBody":"","fileTypesAndContributionMap":{"java":{"insertions":13,"deletions":4}}},{"hash":"c78f93ad439330dae1e02346ee1ce696773dc212","isMergeCommit":false,"messageTitle":"Fix issues with test cases for Find and Cheer","messageBody":"","fileTypesAndContributionMap":{"java":{"insertions":10,"deletions":3}}},{"hash":"1b5dfef114f4e32116e8fe637cb3c59ecfdaf092","isMergeCommit":false,"messageTitle":"Update FindCommand.java","messageBody":"","tags":["A-UnitTesting-Write-Unit-Tests"],"fileTypesAndContributionMap":{"java":{"insertions":16,"deletions":0}}}]},{"date":"2025-02-15","commitResults":[{"hash":"37fc40d753417c87f1e15f5df305514cdb688789","isMergeCommit":false,"messageTitle":"Update FindCommand.java and relevant classes to use varargs","messageBody":"","tags":["A-Varargs"],"fileTypesAndContributionMap":{"java":{"insertions":37,"deletions":28}}},{"hash":"a4903acf61346facdc858035871c4777c162500e","isMergeCommit":false,"messageTitle":"Setup initial JavaFX skeleton","messageBody":"","fileTypesAndContributionMap":{"gradle":{"insertions":1,"deletions":1},"txt":{"insertions":1,"deletions":0},"fxml":{"insertions":66,"deletions":0},"java":{"insertions":157,"deletions":0}}},{"hash":"a285ae4854c4e716f38a5eb3781b0ddb47c94dfb","isMergeCommit":false,"messageTitle":"Replace Ui.java with Message.java to handle I/O for JavaFX","messageBody":"","fileTypesAndContributionMap":{"java":{"insertions":36,"deletions":69}}},{"hash":"52dc584686ceb00913bc872dd2672843970f0bb6","isMergeCommit":false,"messageTitle":"Update MainWindow and Rucia to show welcome message on application boot","messageBody":"","fileTypesAndContributionMap":{"java":{"insertions":80,"deletions":42}}},{"hash":"1b34c336540ff20a8e0ad5a9997155b97b0fbf1e","isMergeCommit":false,"messageTitle":"Create TaskStorageUtil.java to abstract out task-saving methods","messageBody":"","fileTypesAndContributionMap":{"java":{"insertions":19,"deletions":0}}}]},{"date":"2025-02-16","commitResults":[{"hash":"2bcd84d2f9de60f93a8096025eed242c1c4f6db4","isMergeCommit":false,"messageTitle":"Fix Command classes to use Message instead of ui","messageBody":"","fileTypesAndContributionMap":{"java":{"insertions":129,"deletions":176}}},{"hash":"2d76cdd910baa7249308f77c063a85ba66babd26","isMergeCommit":false,"messageTitle":"Fix error when trying to show welcome message before rucia is initialized","messageBody":"","fileTypesAndContributionMap":{"java":{"insertions":1,"deletions":1}}},{"hash":"98e5b4e0a945a851667af19f963f65de6e46847b","isMergeCommit":false,"messageTitle":"Improve aesthetics of the chatbot","messageBody":"","tags":["Level-10-GUI"],"fileTypesAndContributionMap":{"txt":{"insertions":1,"deletions":3},"fxml":{"insertions":17,"deletions":16},"java":{"insertions":76,"deletions":16}}}]},{"date":"2025-02-22","commitResults":[{"hash":"cc17812a044de4b4baf2c666d00149a574788528","isMergeCommit":false,"messageTitle":"Move classes into reorganized packages","messageBody":"","fileTypesAndContributionMap":{"gradle":{"insertions":1,"deletions":1},"fxml":{"insertions":1,"deletions":1},"java":{"insertions":94,"deletions":312}}},{"hash":"ea0c604d0e5a2ac9d0d36a258ba5e824288a7227","isMergeCommit":false,"messageTitle":"Add assertions to enforce preconditions in UI components","messageBody":"Assertions have been added to key methods to ensure valid state and inputs, improving robustness and maintainability.\n\n- start(Stage stage): Ensures AnchorPane is successfully loaded before use.\n- addMessage(String newMessage): Prevents null values from being added as messages.\n- handleUserInput(): Ensures user input is neither null nor empty before processing.\n- setRucia(Rucia r): Verifies Rucia instance is not null before assignment.\n\nThese assertions help catch potential issues early during development and debugging, ensuring that critical UI elements and data are always in a valid state.\n","fileTypesAndContributionMap":{"java":{"insertions":4,"deletions":0}}},{"hash":"052ea6d978d46a42614e1bbdfe73109fd09984b2","isMergeCommit":false,"messageTitle":"Improve code quality for Main.java","messageBody":"Exceptions are currently printed to the console using printStackTrace(), which is not ideal for production environments.\n\nLogging errors instead of printing them improves debugging and maintainability.\n\nReplace printStackTrace() with proper logging.\n\nUsing a logging framework ensures better error tracking and debugging.\n","fileTypesAndContributionMap":{"java":{"insertions":3,"deletions":3}}},{"hash":"ac05c1e5a96c936726582b2adbb680f4c5173b76","isMergeCommit":false,"messageTitle":"Improve code quality for MainWindow.java","messageBody":"Constants are not declared as final, making them mutable.\n\nMarking constants as final prevents unintended modifications.\n\nDeclare constants as final to enforce immutability.\n\nUsing final follows best practices for constant declarations.\n","fileTypesAndContributionMap":{"java":{"insertions":8,"deletions":8}}},{"hash":"07602fd437b30dbae8ea6d341a6db83b6829138e","isMergeCommit":false,"messageTitle":"Improve code quality for Message.java","messageBody":"String concatenation in addMessage uses String, leading to inefficient memory allocation.\n\nUsing String for repeated modifications creates multiple string objects, impacting performance.\n\nReplace String with StringBuilder for more efficient string manipulation.\n\nStringBuilder is optimized for modifying strings dynamically.\n","tags":["A-FullCommitMessage"],"fileTypesAndContributionMap":{"java":{"insertions":55,"deletions":56}}},{"hash":"e51e2281e8d34f3f3fa82a05950b493c80a6927a","isMergeCommit":false,"messageTitle":"Refactor handleUserInput using Java Streams","messageBody":"handleUserInput manually adds dialog boxes to dialogContainer using multiple method calls.\n\nUsing Java Streams improves code clarity and reduces verbosity.\n\nReplace explicit addAll calls with a Stream.of(...).forEach(...) construct.\n\nJava Streams provide a more declarative way to handle multiple elements.\n","fileTypesAndContributionMap":{"txt":{"insertions":1,"deletions":0},"java":{"insertions":12,"deletions":10}}},{"hash":"7cc98f2293104823312ed8a40dfa6ebd19f048b2","isMergeCommit":true,"messageTitle":"Merge pull request #2 from PerRucia/branch-A-Assertions","messageBody":"Add assertions to enforce preconditions in UI components","fileTypesAndContributionMap":{}},{"hash":"088193fd19df60a25dd9961b59133cd1c1bbcae6","isMergeCommit":true,"messageTitle":"Merge pull request #3 from PerRucia/branch-A-Streams","messageBody":"Refactor handleUserInput using Java Streams","fileTypesAndContributionMap":{}},{"hash":"7956f4406697d73725c37d7f8d61a851642649bd","isMergeCommit":true,"messageTitle":"Resolve merge conflicts","messageBody":"","fileTypesAndContributionMap":{}},{"hash":"e9971542455668d2ff8f072e297d134f51bd6838","isMergeCommit":true,"messageTitle":"Resolve merge conflicts","messageBody":"","fileTypesAndContributionMap":{}},{"hash":"e742455c87aae80d18f0c5486ecf5929bfbfef85","isMergeCommit":true,"messageTitle":"Merge pull request #4 from PerRucia/branch-A-CodeQuality","messageBody":"Branch a code quality","fileTypesAndContributionMap":{}},{"hash":"e80f597e54a5be6acfcba58327a1a55fa59285dd","isMergeCommit":false,"messageTitle":"Add help command that gives users an overview of what the chatbot can do","messageBody":"","tags":["C-Help","BCD-Extension"],"fileTypesAndContributionMap":{"java":{"insertions":112,"deletions":0}}},{"hash":"5b40a0477a31fee84c2d0f128659abccc669d5fb","isMergeCommit":false,"messageTitle":"Remove magic numbers from CommandParser.java","messageBody":"","fileTypesAndContributionMap":{"java":{"insertions":10,"deletions":6}}}]},{"date":"2025-02-23","commitResults":[{"hash":"3db58b3e158f0d3ef6d802eb43add80efc8a59a4","isMergeCommit":false,"messageTitle":"Add new note classes and commands for users to add notes as entries to their list of tasks.","messageBody":"","tags":["D-Notes"],"fileTypesAndContributionMap":{"java":{"insertions":167,"deletions":168}}},{"hash":"b3e856fff715ad824f936caa77add486ac9cf057","isMergeCommit":true,"messageTitle":"Merge branch \u0027branch-extension\u0027","messageBody":"","fileTypesAndContributionMap":{}},{"hash":"79bc740b92b68867c03446bd032f1f6e56fc40a4","isMergeCommit":false,"messageTitle":"Fix bug with cheer command","messageBody":"","fileTypesAndContributionMap":{"java":{"insertions":2,"deletions":16}}},{"hash":"1a2fb43466ae6cd513be1cf5840d9647bf80e56a","isMergeCommit":false,"messageTitle":"Update AI.md","messageBody":"","fileTypesAndContributionMap":{"md":{"insertions":8,"deletions":1}}}]}]},"authorFileTypeContributionMap":{"PerRucia":{"java":1872,"md":26,"fxml":67,"sh":0,"bat":17,"gradle":26,"txt":51}},"authorContributionVariance":{"PerRucia":401607.44},"authorDisplayNameMap":{"PerRucia":"Davin Chua"}}
