{"authorDailyContributionsMap":{"superidol2":[{"date":"2025-02-03","commitResults":[{"hash":"f8dfc9cc0cce95d4b7fa0e46da55bd93247d04df","isMergeCommit":false,"messageTitle":"Add Awebo.java","messageBody":"","tags":["Level-0"],"fileTypesAndContributionMap":{"java":{"insertions":4,"deletions":10}}},{"hash":"64b10871b6423ca2f101fa0a141a4bd8346089c2","isMergeCommit":false,"messageTitle":"Add echo to Awebo.java","messageBody":"","tags":["Level-1"],"fileTypesAndContributionMap":{"java":{"insertions":14,"deletions":2}}},{"hash":"ec11bd2aaccab4405a5479345faf447836752153","isMergeCommit":false,"messageTitle":"Add add and list to Awebo.java","messageBody":"","tags":["Level-2"],"fileTypesAndContributionMap":{"java":{"insertions":12,"deletions":3}}},{"hash":"8ea3eb32581fd9bf8a461f3ab0b410a6926ac5f6","isMergeCommit":false,"messageTitle":"Add mark as done to Awebo.java","messageBody":"","tags":["Level-3"],"fileTypesAndContributionMap":{"java":{"insertions":43,"deletions":6}}},{"hash":"917fbc6677f46f05fce4d481530ebf0b5663be57","isMergeCommit":false,"messageTitle":"Add todo, deadline, event to Awebo.java","messageBody":"","tags":["Level-4"],"fileTypesAndContributionMap":{"java":{"insertions":89,"deletions":6}}},{"hash":"8e2c24e083a9c962772a5190b50048853f1cc009","isMergeCommit":false,"messageTitle":"Change the project name in README","messageBody":"","fileTypesAndContributionMap":{"md":{"insertions":3,"deletions":3}}},{"hash":"48a2102c4119c8bf60960898a9bad94aa55bf433","isMergeCommit":false,"messageTitle":"Change the name from Duke to Awebo in runtest.sh","messageBody":"","fileTypesAndContributionMap":{"sh":{"insertions":1,"deletions":1}}},{"hash":"3be4435da47955d18566469037ec2a921490922a","isMergeCommit":false,"messageTitle":"Remove the extra space in list command","messageBody":"","fileTypesAndContributionMap":{"java":{"insertions":1,"deletions":1}}},{"hash":"77aad4e6e9e41f1187fc9f46891b9cea29c62ad8","isMergeCommit":false,"messageTitle":"Modify the test cases for multiple commands","messageBody":"","tags":["A-TextUiTesting"],"fileTypesAndContributionMap":{"txt":{"insertions":8,"deletions":0}}},{"hash":"3befcc9b7b4146ec071b4854c9107de2b9a26e52","isMergeCommit":false,"messageTitle":"add error handling for empty tasks in Awebo.java","messageBody":"","tags":["Level-5"],"fileTypesAndContributionMap":{"java":{"insertions":48,"deletions":33}}}]},{"date":"2025-02-04","commitResults":[{"hash":"17b4550843184f31ca103b8f551dde0202d84354","isMergeCommit":false,"messageTitle":"add delete task to Awebo.java","messageBody":"","tags":["Level-6"],"fileTypesAndContributionMap":{"java":{"insertions":10,"deletions":0}}}]},{"date":"2025-02-06","commitResults":[{"hash":"62f178fc5b32825887abe69c696b47f3a0ce7d2e","isMergeCommit":false,"messageTitle":"Add save function in branch","messageBody":"","tags":["Level-7"],"fileTypesAndContributionMap":{"java":{"insertions":18,"deletions":0}}},{"hash":"2d86a443a18b8ac76374a7ded5f133de497dd4a4","isMergeCommit":true,"messageTitle":"Merge branch \u0027branch-Level-7\u0027","messageBody":"","fileTypesAndContributionMap":{}},{"hash":"af65391cc39472a0b34ad46a02514714b0bbc9bc","isMergeCommit":false,"messageTitle":"Add datetime to tasks in Awebo.java","messageBody":"","fileTypesAndContributionMap":{"txt":{"insertions":1,"deletions":0},"java":{"insertions":57,"deletions":6}}},{"hash":"75d3d6fc168184da935d8584ee69778537024348","isMergeCommit":true,"messageTitle":"Merge branch \u0027branch-Level-8\u0027","messageBody":"","tags":["Level-8"],"fileTypesAndContributionMap":{}},{"hash":"ab89d43ac9545e636ddb0fbb6bcea118969b8586","isMergeCommit":false,"messageTitle":"Refactor classes into OOP","messageBody":"","fileTypesAndContributionMap":{"txt":{"insertions":2,"deletions":1},"java":{"insertions":300,"deletions":230}}},{"hash":"208557ea9aefb717a9908eb2ebdb15c49180fbdd","isMergeCommit":true,"messageTitle":"Merge branch \u0027branch-A-MoreOOP\u0027","messageBody":"","tags":["A-MoreOOP"],"fileTypesAndContributionMap":{}}]},{"date":"2025-02-09","commitResults":[{"hash":"28094c423108dbfe4cd17242735702b3911e3971","isMergeCommit":false,"messageTitle":"Refactor files to package","messageBody":"","tags":["A-Packages"],"fileTypesAndContributionMap":{"txt":{"insertions":2,"deletions":2},"java":{"insertions":50,"deletions":11},"bat":{"insertions":1,"deletions":1},"md":{"insertions":4,"deletions":4}}},{"hash":"63fdbbb1c2b42bb5ae4c36e3c4b2a8de9fe6fbc8","isMergeCommit":true,"messageTitle":"Merge branch \u0027add-gradle-support\u0027 into branch-add-gradle-support","messageBody":"","fileTypesAndContributionMap":{}},{"hash":"c499aad7be7409dca71e696762eab1bf6d7bd626","isMergeCommit":false,"messageTitle":"Delete saved_tasks folder","messageBody":"","fileTypesAndContributionMap":{"txt":{"insertions":0,"deletions":2}}},{"hash":"e9ba50885a3ceea70a6bb1de5b847f747e4cc16c","isMergeCommit":false,"messageTitle":"Modify class name in gradle","messageBody":"","fileTypesAndContributionMap":{"gradle":{"insertions":2,"deletions":2}}},{"hash":"724d177420886daaec4d77ed368bc4bb8506682a","isMergeCommit":true,"messageTitle":"Merge branch \u0027branch-add-gradle-support\u0027","messageBody":"","tags":["A-Gradle"],"fileTypesAndContributionMap":{}}]},{"date":"2025-02-10","commitResults":[{"hash":"540170834488bc7b5cecb66302b0ff08c51eaae8","isMergeCommit":false,"messageTitle":"Add JUnit Tests","messageBody":"","tags":["A-Jar","A-JUnit"],"fileTypesAndContributionMap":{"java":{"insertions":130,"deletions":0}}},{"hash":"ba0de08d5366872d9b621936a873f0a13513ada6","isMergeCommit":false,"messageTitle":"Add JavaDoc","messageBody":"","fileTypesAndContributionMap":{"java":{"insertions":268,"deletions":33}}},{"hash":"0137eda724f0da9673051e2116b89ce46fee943c","isMergeCommit":false,"messageTitle":"Add checkstyle","messageBody":"","fileTypesAndContributionMap":{"gradle":{"insertions":5,"deletions":0}}},{"hash":"437ff1b815499250447b178a744064523401e44a","isMergeCommit":false,"messageTitle":"Change format of switch case","messageBody":"","fileTypesAndContributionMap":{"java":{"insertions":8,"deletions":8}}},{"hash":"6b1a612a0e5bb486d80ef90da63d481593a8091d","isMergeCommit":false,"messageTitle":"Change public variable to private with get function","messageBody":"","fileTypesAndContributionMap":{"java":{"insertions":5,"deletions":1}}},{"hash":"77290d22c4d6e6ae707c86dff3bc449c28ae94a7","isMergeCommit":false,"messageTitle":"Change public variables to private with get functions","messageBody":"","fileTypesAndContributionMap":{"java":{"insertions":8,"deletions":2}}},{"hash":"6b2065868051fed15c8ccf4523013fa18e56eb47","isMergeCommit":false,"messageTitle":"Change order of imports","messageBody":"","fileTypesAndContributionMap":{"java":{"insertions":6,"deletions":6}}},{"hash":"d33eeb533986a9ce35d4f863384c725f1c3e3c68","isMergeCommit":false,"messageTitle":"Change public variables to private with get functions","messageBody":"","fileTypesAndContributionMap":{"java":{"insertions":10,"deletions":2}}},{"hash":"fd7866c59986c1d7177ab2394b13617e8467dd42","isMergeCommit":false,"messageTitle":"Add new line after code","messageBody":"","fileTypesAndContributionMap":{"java":{"insertions":1,"deletions":1}}},{"hash":"699fc2792aded53a75494e4d89b76add4fef5faf","isMergeCommit":false,"messageTitle":"Change order of imports","messageBody":"","fileTypesAndContributionMap":{"java":{"insertions":3,"deletions":5}}}]},{"date":"2025-02-11","commitResults":[{"hash":"d62d31c110c8bdb970ae55666351451a330582c9","isMergeCommit":false,"messageTitle":"Add find task function","messageBody":"","fileTypesAndContributionMap":{"java":{"insertions":34,"deletions":1}}},{"hash":"7395a50851dd931982d86459b86050fc58b98d16","isMergeCommit":false,"messageTitle":"Add cheer to Parser","messageBody":"","fileTypesAndContributionMap":{"java":{"insertions":14,"deletions":0}}},{"hash":"fa621a0ba2a3cdcd3bc0eecfa3d12c2fcf26b0d1","isMergeCommit":true,"messageTitle":"Merge branch \u0027branch-A-JavaDoc\u0027","messageBody":"","tags":["A-JavaDoc"],"fileTypesAndContributionMap":{}},{"hash":"77c87119985fae912758ef683b63b689906fe11f","isMergeCommit":true,"messageTitle":"Merge branch-A-CodingStandard to master","messageBody":"","fileTypesAndContributionMap":{}},{"hash":"9b556d8e3049041d7be301a7a77bdc65985a857c","isMergeCommit":false,"messageTitle":"Remove duplicate variable in Event.java","messageBody":"","tags":["A-CodingStandard"],"fileTypesAndContributionMap":{"java":{"insertions":0,"deletions":1}}},{"hash":"c28931e46c62fa5af4c835b0a854889dcd829198","isMergeCommit":true,"messageTitle":"Merge branch \u0027branch-Level-9\u0027","messageBody":"","tags":["Level-9"],"fileTypesAndContributionMap":{}},{"hash":"c0759f942966224fc83bf8efb5107295b931dcbf","isMergeCommit":true,"messageTitle":"Merge branch-A-Cheer to master","messageBody":"","tags":["A-Cheer"],"fileTypesAndContributionMap":{}}]},{"date":"2025-02-14","commitResults":[{"hash":"edfcc8f2e5d836755a56c5552f4859310fd9ccf8","isMergeCommit":false,"messageTitle":"Add checkstyle branch","messageBody":"","fileTypesAndContributionMap":{"java":{"insertions":15,"deletions":9}}},{"hash":"6555311efd3fc3a9a880ba4d24aab24e14b46568","isMergeCommit":true,"messageTitle":"Merge pull request #1 from superidol2/branch-A-CheckStyle","messageBody":"Add checkstyle branch","fileTypesAndContributionMap":{}}]},{"date":"2025-02-16","commitResults":[{"hash":"d45e9eeba1093909416833dae9da94af4da24046","isMergeCommit":false,"messageTitle":"Add JavaFX to build.gradle","messageBody":"","fileTypesAndContributionMap":{"gradle":{"insertions":9,"deletions":1}}},{"hash":"b3d9ff4639561ae166f91406bfeab5ad52732fea","isMergeCommit":false,"messageTitle":"Add GUI elements to app","messageBody":"","fileTypesAndContributionMap":{"fxml":{"insertions":39,"deletions":0},"java":{"insertions":210,"deletions":26}}},{"hash":"34c07c043356336e73bff2144deac219e7310700","isMergeCommit":false,"messageTitle":"Modify Parser and Ui for list command","messageBody":"","fileTypesAndContributionMap":{"java":{"insertions":24,"deletions":3}}},{"hash":"6f58a0bc6960bb2b5f998c8668afb01caaf47b7f","isMergeCommit":true,"messageTitle":"Merge pull request #2 from superidol2/branch-Level-10","messageBody":"Branch level 10","tags":["Level-10"],"fileTypesAndContributionMap":{}},{"hash":"fcdcacf4e54fe199255f27aca650de95a69645da","isMergeCommit":false,"messageTitle":"Improved date formatter","messageBody":"","fileTypesAndContributionMap":{"java":{"insertions":7,"deletions":2}}},{"hash":"a181a37ff8ca6ff760d548b5a59dfd38a12a3408","isMergeCommit":false,"messageTitle":"Improved event error handling","messageBody":"","fileTypesAndContributionMap":{"java":{"insertions":15,"deletions":4}}},{"hash":"b40abb09de7588a7acabfc583d6a3c19d9fcf904","isMergeCommit":false,"messageTitle":"Add welcome message and help command","messageBody":"","fileTypesAndContributionMap":{"java":{"insertions":26,"deletions":2}}},{"hash":"744191de1867a1ffaa5b8be616756bf3e82f33dc","isMergeCommit":false,"messageTitle":"Rewrite parser unit tests","messageBody":"","fileTypesAndContributionMap":{"java":{"insertions":21,"deletions":3}}},{"hash":"cc42169aa3a8a8db97969330663be51364bea281","isMergeCommit":true,"messageTitle":"Merge pull request #3 from superidol2/branch-A-UnitTesting","messageBody":"Branch A unit testing","tags":["A-UnitTesting","A-Assertions"],"fileTypesAndContributionMap":{}}]},{"date":"2025-02-21","commitResults":[{"hash":"2fb1b91e61853a9e362cdc81612bcd9410bfa56c","isMergeCommit":false,"messageTitle":"Add assert feature","messageBody":"","fileTypesAndContributionMap":{"java":{"insertions":14,"deletions":2}}},{"hash":"afa0d02a6dd81878eed27745150281fef1b8fe53","isMergeCommit":true,"messageTitle":"Added assertions to validate inputs and enforce expected conditions, improving code reliability and debugging.","messageBody":"- Added assertions in parser function to validate input parameters.\n- Improved error messaging for assertion failures.","fileTypesAndContributionMap":{}}]},{"date":"2025-02-22","commitResults":[{"hash":"ab35c1d02e44bb6225b1fbe7a14d846da2ee7278","isMergeCommit":false,"messageTitle":"Implement duplicate task checker in the Parser class - Added a method `isDuplicate(String taskDescription)` to check for duplicate tasks before adding a new task to the list. - This implementation ensures that users cannot add duplicate tasks until they are removed, improving the overall robustness of task management in the awebo app.","messageBody":"","fileTypesAndContributionMap":{"java":{"insertions":21,"deletions":0}}},{"hash":"e9aa59ef7384140c951feec850654e64e0cbbe2b","isMergeCommit":true,"messageTitle":"Merge pull request #5 from superidol2/branch-C-DetectDuplicates","messageBody":"Implement duplicate task checker in the Parser class","tags":["C-DetectDuplicates"],"fileTypesAndContributionMap":{}}]}]},"authorFileTypeContributionMap":{"superidol2":{"java":1049,"md":4,"fxml":39,"sh":1,"bat":1,"gradle":15,"txt":8}},"authorContributionVariance":{"superidol2":23512.385},"authorDisplayNameMap":{"superidol2":"TAN CHENG WEN, RACHEL"}}
