{"authorDailyContributionsMap":{"andychong23":[{"date":"2025-01-27","commitResults":[{"hash":"ba9c30e9269a8daf3c400cb5c97aa118284ba298","isMergeCommit":false,"messageTitle":"Move Duke.java into its own package","messageBody":"","fileTypesAndContributionMap":{"java":{"insertions":0,"deletions":0}}},{"hash":"c86bcd79ddfddea059bef1fb0cf94b8364843454","isMergeCommit":false,"messageTitle":"Include package into Duke.java","messageBody":"","fileTypesAndContributionMap":{"java":{"insertions":2,"deletions":0}}},{"hash":"523d88e8580c71d80d102201c16681fe0d908ac1","isMergeCommit":false,"messageTitle":"Add io package and the classes that are associated with it","messageBody":"","fileTypesAndContributionMap":{"java":{"insertions":71,"deletions":0}}},{"hash":"9323a6ddaef7276c1dba2cf5204a0dbcae2a1cdb","isMergeCommit":false,"messageTitle":"Change BufferedReader attribute to private","messageBody":"","fileTypesAndContributionMap":{"java":{"insertions":1,"deletions":1}}},{"hash":"dcbde572c0aa76419b0b814d5510f506a9e221df","isMergeCommit":false,"messageTitle":"Write first iteration of Output Class","messageBody":"","fileTypesAndContributionMap":{"java":{"insertions":30,"deletions":0}}},{"hash":"76325976b3c0a1e1207b066d16d14f5c9f22317e","isMergeCommit":false,"messageTitle":"Change scope of bufferedWriter to final","messageBody":"","fileTypesAndContributionMap":{"java":{"insertions":4,"deletions":5}}},{"hash":"ded25f62be9331e1a2bc538ba8deb3a1982a2a53","isMergeCommit":false,"messageTitle":"Change scope of bufferedReader to final","messageBody":"","fileTypesAndContributionMap":{"java":{"insertions":2,"deletions":3}}},{"hash":"5c73da43d9ee37cbe25784125b4bca4697630278","isMergeCommit":false,"messageTitle":"Revert \"Change scope of bufferedWriter to final\"","messageBody":"This reverts commit 76325976b3c0a1e1207b066d16d14f5c9f22317e.\n","fileTypesAndContributionMap":{"java":{"insertions":5,"deletions":4}}},{"hash":"f19bccb50dc06c68868163153e107235d9dc3060","isMergeCommit":false,"messageTitle":"Change scope of bufferedReader to final","messageBody":"","fileTypesAndContributionMap":{"java":{"insertions":1,"deletions":1}}},{"hash":"01d9617de3d0d0d6673ab024fbcd5547d272f957","isMergeCommit":false,"messageTitle":"Modify Output.java","messageBody":"Modify internal Implementation of initialization of BufferedWriter and added end arguement to printOutputMethod\n","fileTypesAndContributionMap":{"java":{"insertions":6,"deletions":6}}},{"hash":"6b74b5d5f48faf80ee75a424ce138e3235cbd62c","isMergeCommit":false,"messageTitle":"Modify elements access in for loop to include index","messageBody":"","fileTypesAndContributionMap":{"java":{"insertions":5,"deletions":3}}},{"hash":"7e27536d2a3203164f24515c3976d6f1d97db16e","isMergeCommit":false,"messageTitle":"Implement methods to display welcome and exit messages","messageBody":"","fileTypesAndContributionMap":{"java":{"insertions":34,"deletions":0}}},{"hash":"5df03275a6c74a9304a4ea65e1ca58e5fc467b2c","isMergeCommit":false,"messageTitle":"Rename name of chatbot to Bob","messageBody":"","tags":["Level-0"],"fileTypesAndContributionMap":{"java":{"insertions":20,"deletions":10}}},{"hash":"102d95630bacdac63149528fd08cb433be8f9e82","isMergeCommit":false,"messageTitle":"Add cleanUserInput method","messageBody":"Wrap cleanUserInput method around getUserInput\n","fileTypesAndContributionMap":{"java":{"insertions":10,"deletions":1}}},{"hash":"1f2b45d12b5f8d8c933b2f1f4281c1302230174a","isMergeCommit":false,"messageTitle":"Add new methods","messageBody":"New methods added are: getUserInput, displayMessage. Methods modified: displayWelcomeMessage\n","fileTypesAndContributionMap":{"java":{"insertions":20,"deletions":0}}},{"hash":"60ff8d9a9b2f666799e5d0a20af2b7c7a358ff61","isMergeCommit":false,"messageTitle":"Add header comment to methods","messageBody":"","fileTypesAndContributionMap":{"java":{"insertions":8,"deletions":0}}},{"hash":"e2ef1fbf496508b5e026ee54da364b344f7fb6a3","isMergeCommit":false,"messageTitle":"Change file name from Duke to Bob","messageBody":"","fileTypesAndContributionMap":{"sh":{"insertions":1,"deletions":1}}},{"hash":"84b06972900dff4d8687e22a0c9f2543beb5532d","isMergeCommit":false,"messageTitle":"Add ability for user to enter user input","messageBody":"","tags":["Level-1"],"fileTypesAndContributionMap":{"java":{"insertions":17,"deletions":0}}}]},{"date":"2025-01-29","commitResults":[{"hash":"6ee1390c560eda751687b7bde3edaf32a0840f07","isMergeCommit":false,"messageTitle":"Add tasks to be done in Bob for Level-2","messageBody":"","fileTypesAndContributionMap":{"java":{"insertions":5,"deletions":1}}},{"hash":"1bccd9708cc33dd817c7ed74ed5eeee0f7b612be","isMergeCommit":false,"messageTitle":"Add displayMessage as a new method to UI","messageBody":"","fileTypesAndContributionMap":{"java":{"insertions":5,"deletions":1}}}]},{"date":"2025-02-03","commitResults":[{"hash":"5cc0dd6e02b14a442992b7e998280d130f17b3a6","isMergeCommit":false,"messageTitle":"Change UI variable to uI to follow code standards","messageBody":"","fileTypesAndContributionMap":{"java":{"insertions":5,"deletions":5}}},{"hash":"26dca6bc8e4528196c544b1524abc3d7e52576d7","isMergeCommit":false,"messageTitle":"Add code to handle data storage capabilities","messageBody":"Add a Path object to User class\n\nAdd DataHandler class to handle all tasks relating reading and writing data\n","fileTypesAndContributionMap":{"java":{"insertions":16,"deletions":0}}},{"hash":"a8165dd6deb0bb6e961a57582c7b3a53654ff7ea","isMergeCommit":false,"messageTitle":"Add initial implementation of DataHandler","messageBody":"Methods such as writeFile and readFile is implemented\n","fileTypesAndContributionMap":{"java":{"insertions":22,"deletions":3}}},{"hash":"e0ec67573ac21a11f5db0f6e535d9fa282eb02f1","isMergeCommit":false,"messageTitle":"Modified User class to be able to save user data","messageBody":"Implemented getter for dataFilePath\n\nImplemented getSaveData which returns the save information for the tasks\n\nImplmented a new constructor that takes in the userName to look for the correct saved file\n","fileTypesAndContributionMap":{"java":{"insertions":20,"deletions":2}}},{"hash":"d79deb95d35bea6c0b3e5ef5226171872f60a16c","isMergeCommit":false,"messageTitle":"Implemented getSaveInformation method to return task to be saved","messageBody":"","fileTypesAndContributionMap":{"java":{"insertions":12,"deletions":0}}},{"hash":"ae9243445dffb4b8bfbe64bf8225ce89f1ccd089","isMergeCommit":false,"messageTitle":"Override superclass getSaveInformation method","messageBody":"","fileTypesAndContributionMap":{"java":{"insertions":30,"deletions":0}}},{"hash":"208d69b85b3825eb040aaa3b295bbec3ea10d64a","isMergeCommit":false,"messageTitle":"Modified writeFile and saveFile implementation to handle missing files","messageBody":"Include saveDelimeter as a global variable to be accessed\n","fileTypesAndContributionMap":{"java":{"insertions":5,"deletions":2}}},{"hash":"432fb36f1bee3bc4a2c2a448b23a652c9ea3b465","isMergeCommit":false,"messageTitle":"Implemented functionality to save user data in ActionHandler","messageBody":"","fileTypesAndContributionMap":{"java":{"insertions":8,"deletions":0}}},{"hash":"8417c50f75ee689c8fdaa034559a8fce07fa4144","isMergeCommit":false,"messageTitle":"Add default user name to the implementation","messageBody":"","fileTypesAndContributionMap":{"java":{"insertions":1,"deletions":1}}},{"hash":"7d434b2b8eeea194e57c8092dd8096e662527a57","isMergeCommit":false,"messageTitle":"Rename delemiter to delimiter","messageBody":"","fileTypesAndContributionMap":{"java":{"insertions":4,"deletions":5}}},{"hash":"c7c5f4be5a5f111199f017516441aac563cabd45","isMergeCommit":false,"messageTitle":"Change createTask method to become a static method","messageBody":"This change ensures that users can recreate the task list from their save file\n\nAdded a DEFAULT action to handle all switch cases\n","fileTypesAndContributionMap":{"java":{"insertions":3,"deletions":2}}},{"hash":"e0f65f9b6e31d3f298b0628dac10317b7cfa7bad","isMergeCommit":false,"messageTitle":"Add programRoot static variable","messageBody":"","fileTypesAndContributionMap":{"java":{"insertions":3,"deletions":0}}},{"hash":"9cb5ec75641221c0a75aff4d663e8a91d930266a","isMergeCommit":false,"messageTitle":"Implemented the construction of the full file path to get the save file","messageBody":"Created the first draft to build the task list from the save file\n","fileTypesAndContributionMap":{"java":{"insertions":14,"deletions":1}}},{"hash":"189bd0ec73f826c1ba6269d4da092c15b6fc89fe","isMergeCommit":false,"messageTitle":"Implemented mapTaskType method that returns the taskType","messageBody":"This is done to allow the User class to recreate the task list from the save file\n","fileTypesAndContributionMap":{"java":{"insertions":9,"deletions":0}}}]},{"date":"2025-02-07","commitResults":[{"hash":"45e501a4ef9913ab81d3dc28beb26eb1e4c2612c","isMergeCommit":true,"messageTitle":"Merge branch \u0027branch-A-JavaDoc\u0027 with master","messageBody":"Add documentation to methods and classes\n","tags":["A-JavaDoc"],"fileTypesAndContributionMap":{}},{"hash":"af9293de2c6eebde7c6db06a62e6c77d87275acf","isMergeCommit":true,"messageTitle":"Merge branch \u0027branch-A-CodingStandard\u0027 to master","messageBody":"Edit code structure such that it follows the coding standard provided\n","tags":["A-CodingStandard"],"fileTypesAndContributionMap":{}},{"hash":"536cd4b1dcfbf8e2eca8f0396484c106881417e2","isMergeCommit":false,"messageTitle":"Change implementation of findTaskwithKeyWord in User Class","messageBody":"Previous implementation only loops through the first n - keyWordLength\ncharacters of taskDetail. However, it created some bugs where the keyword\ncould not be found. To resolve this, we loop through all the characters instead\n","fileTypesAndContributionMap":{"java":{"insertions":1,"deletions":1}}},{"hash":"9a6b8e7c1aac8f45ca1111bae27305ca2297dd56","isMergeCommit":true,"messageTitle":"Merge branch \u0027branch-Level-9\u0027 to master","messageBody":"Implemented Level 9\n\nMain Implementation:\n1. ActionHandler class implments FIND command\n2. InputValidator implements input validation for FIND command\n3. ValidationToken implements InputError for FIND command\n4. User implements findTaskWithKeyWord method for FIND command\n","tags":["Level-9"],"fileTypesAndContributionMap":{}},{"hash":"3ea481ef476d54dd75de7005b39b6b717b6e5f32","isMergeCommit":true,"messageTitle":"Merge branch \u0027branch-A-Cheer\u0027 to master","messageBody":"Fix ActionHandler and InputValidator conflict\n- Include both CHEER and FIND actions\n\nImplemention CHEER action\n1. Implemented CHEER input validation in InputValidator\n2. Implemented CHEER action handler in ActionHandler\n3. Implemented resources package to store cheer.txt\n4. Implemented cheerPath as a static variable in DataHandler\n5. Implemented getCheerMessage method in ActionHandler\n6. Implemented new InputError enum for CHEER\n","tags":["A-Cheer"],"fileTypesAndContributionMap":{}}]},{"date":"2025-02-14","commitResults":[{"hash":"63a13e7c4fc7c30b0b0fd1cda9f807a9ce22e7ad","isMergeCommit":false,"messageTitle":"Added comments for each unit test for each class","messageBody":"InputValidatorTest:\n1. Added header comments to all unit tests to illustrate their purpose\n2. Added a new test case for test_IsByeInputValid\n\nDeadLineTaskTest, EventTaskTest, ToDoTaskTest:\n1. Added header comments to all unit tests to illustrate their purpose\n","fileTypesAndContributionMap":{"java":{"insertions":85,"deletions":2}}},{"hash":"61f09ca3a9f66a4843b237b692282f3f060c511f","isMergeCommit":false,"messageTitle":"Implmented DELETE input validation that was missed","messageBody":"Input validation of DELETE did not check if provided task number existed\nPrevious implementation only checked if a number was provided\n\nNew implementation checks if the task number exists and if the provided argument can be parsed as an integer\n","fileTypesAndContributionMap":{"java":{"insertions":10,"deletions":1}}},{"hash":"7a71d3a4f59eafeedcb070076e770492af848798","isMergeCommit":false,"messageTitle":"Changed expected outcome for one test case in test_IsEventInputValid","messageBody":"","fileTypesAndContributionMap":{"java":{"insertions":1,"deletions":1}}},{"hash":"5d88f37d36d2729412b82f1c91d6ec38570b5cc6","isMergeCommit":true,"messageTitle":"Merge branch \u0027branch-A-UnitTesting\u0027 into master","messageBody":"Main Implementations:\n1. Included header comments for all unit tests\n2. Handled further input validation for DELETE that was missed\n","tags":["branch-A-UnitTesting"],"fileTypesAndContributionMap":{}},{"hash":"8908d2cc4bb1776ef8876d8e00507f688ef550a7","isMergeCommit":false,"messageTitle":"Refactor InputValidator class to split logic processing into more methods","messageBody":"InputValidator:\n1. Move validation logic into individual methods to abstract isInputValid method\n2. Carry out more checks for Event to ensure that there is at least information about the event\n\nValidationToken:\n1. Include new InputErro to handle missing event information\n","fileTypesAndContributionMap":{"java":{"insertions":155,"deletions":103}}},{"hash":"7295d86ad7219c6641db1d42d1f567e21856e71c","isMergeCommit":true,"messageTitle":"Merge branch \u0027branch-Refactor-InputValidator\u0027 to master","messageBody":"Refactor InputValidator to move validation for different commands into different methods\n","fileTypesAndContributionMap":{}}]},{"date":"2025-02-21","commitResults":[{"hash":"a1d3c29e0c718fef517d0aa92a5dad3b7c4945b8","isMergeCommit":false,"messageTitle":"Fix bug in Bob.java","messageBody":"When refactoring ActionHandler, method name was changed from processEvent -\u003e processAction\nHowever, the change was not reflected in the method call of Bob.java\nThus, this commit rectifies this issue\n","fileTypesAndContributionMap":{"java":{"insertions":1,"deletions":1}}}]}]},"authorFileTypeContributionMap":{"andychong23":{"java":453,"md":0,"fxml":0,"sh":0,"bat":0,"gradle":0,"txt":0}},"authorContributionVariance":{"andychong23":6793.2773},"authorDisplayNameMap":{"andychong23":"ANDY CHONG WEIKANG"}}
